{
	"namespace": "biome_id_kpadv",

	"biome_id": {
		"property_bag": {
			"#6000": "Bamboo Jungle",
			"#6001": "Bamboo Jungle Hills",
			"#6002": "Beach",
			"#6003": "Birch Forest",
			"#6004": "Birch Forest Hills",
			"#6005": "Birch Forest Hills Mutated",
			"#6006": "Birch Forest Mutated",
			"#6007": "Cherry Grove",
			"#6008": "Cold Beach",
			"#6009": "Cold Ocean",
			"#6010": "Cold Taiga",
			"#6011": "Cold Taiga Hills",
			"#6012": "Cold Taiga Mutated",
			"#6013": "Deep Cold Ocean",
			"#6014": "Deep Dark",
			"#6015": "Deep Frozen Ocean",
			"#6016": "Deep Lukewarm Ocean",
			"#6017": "Deep Ocean",
			"#6018": "Deep Warm Ocean",
			"#6019": "Desert",
			"#6020": "Desert Hills",
			"#6021": "Desert Mutated",
			"#6022": "Dripstone Caves",
			"#6023": "Extreme Hills",
			"#6024": "Extreme Hills Edge",
			"#6025": "Extreme Hills Mutated",
			"#6026": "Extreme Hills Plus Trees",
			"#6027": "Extreme Hills Plus Trees Mutated",
			"#6028": "Flower Forest",
			"#6029": "Forest",
			"#6030": "Forest Hills",
			"#6031": "Frozen Ocean",
			"#6032": "Frozen Peaks",
			"#6033": "Frozen River",
			"#6034": "Grove",
			"#6035": "Ice Mountains",
			"#6036": "Ice Plains",
			"#6037": "Ice Plains Spikes",
			"#6038": "Jagged Peaks",
			"#6039": "Jungle",
			"#6040": "Jungle Edge",
			"#6041": "Jungle Edge Mutated",
			"#6042": "Jungle Hills",
			"#6043": "Jungle Mutated",
			"#6044": "Legacy Frozen Ocean",
			"#6045": "Lukewarm Ocean",
			"#6046": "Lush Caves",
			"#6047": "Mangrove Swamp",
			"#6048": "Meadow",
			"#6049": "Mega Taiga",
			"#6050": "Mega Taiga Hills",
			"#6051": "Mesa",
			"#6052": "Mesa Bryce",
			"#6053": "Mesa Plateau",
			"#6054": "Mesa Plateau Mutated",
			"#6055": "Mesa Plateau Stone",
			"#6056": "Mesa Plateau Stone Mutated",
			"#6057": "Mushroom Island",
			"#6058": "Mushroom Island Shore",
			"#6059": "Ocean",
			"#6060": "Pale Garden",
			"#6061": "Plains",
			"#6062": "Redwood Taiga Hills Mutated",
			"#6063": "Redwood Taiga Mutated",
			"#6064": "River",
			"#6065": "Roofed Forest",
			"#6066": "Roofed Forest Mutated",
			"#6067": "Savanna",
			"#6068": "Savanna Mutated",
			"#6069": "Savanna Plateau",
			"#6070": "Savanna Plateau Mutated",
			"#6071": "Snowy Slopes",
			"#6072": "Stone Beach",
			"#6073": "Stony Peaks",
			"#6074": "Sunflower Plains",
			"#6075": "Swampland",
			"#6076": "Swampland Mutated",
			"#6077": "Taiga",
			"#6078": "Taiga Hills",
			"#6079": "Taiga Mutated",
			"#6080": "Warm Ocean",
			"#6661": "Basalt Deltas",
			"#6662": "Crimson Forest",
			"#6663": "Nether Wastes",
			"#6664": "Soul Sand Valley",
			"#6665": "Warped Forest",
			"#6900": "The End",
			"#9999": "Unknown Biome"
		}
	}
}
